{
  "Terrain": {
    "Name": "Terrain",
    "FilePath": "C:\\Repositories\\GardenSimulator\\Builds\\GardenSimulator\\HeightMap.png",
    "Size": {
      "X": 100.0,
      "Y": 100.0
    },
    "MinHeight": 0.0,
    "MaxHeight": 10.0
  },
  "Gardens": [
    {
      "ChargingStation": {
        "Transform": {
          "Translation": {
            "X": 15.0,
            "Y": -12.5
          },
          "Rotation": 90.0
        },
        "Wires": [],
        "Id": "",
        "Title": ""
      },
      "Mowers": [
        {
          "Name": "P3",
          "Model": "P3",
          "IpAddressAndPort": "127.0.0.1:4251",
          "Transform": {
            "Translation": {
              "X": 0.0,
              "Y": 3.0
            },
            "Rotation": 90.0
          }
        }
      ],
      "Obstacles": [],
      "Areas": [
        {
          "Type": 0,
          "PositionsAlongBoundary": [
            {
              "X": 0.0,
              "Y": 0.0
            },
            {
              "X": 0.8,
              "Y": 0.0
            },
            {
              "X": 0.8,
              "Y": 1.3
            },
            {
              "X": 10.00687,
              "Y": 1.3
            },
            {
              "X": 9.988268,
              "Y": 24.9994087
            },
            {
              "X": -11.4526854,
              "Y": 24.9994087
            },
            {
              "X": -11.4661131,
              "Y": 1.3
            },
            {
              "X": -0.8,
              "Y": 1.3
            },
            {
              "X": -0.8,
              "Y": 0.0
            }
          ],
          "Id": "p3",
          "Title": ""
        }
      ],
      "Paths": []
    }
  ]
}