{
    "name":"EGMF SiteBundle",
    "sequence":[
        {
            "file": "SiteBundle.py",
            "methods": [ 
                "uploadSiteMap(\"GardenTV.svg\")",
                "deleteAllMissions()",
                "createMission(missionName= \"SimpleSite-P3-1\",mowingArea = \"p3\", orientation = 0,   orientationShift = 450)",
            ]
        },
        {
            "file": "TestScript.py",
            "methods": [ 
                "startTrigger"
            ]
        }
    ]    
}