{
  "Terrain": {
    "Name": "Test",
    "FilePath": "C:\\Repositories\\GardenSimulator\\Builds\\GardenSimulator\\HeightMap.png",
    "Size": {
      "X": 100.0,
      "Y": 100.0
    },
    "MinHeight": 0.0,
    "MaxHeight": 10.0
  },
  "Gardens": [
    {
      "ChargingStation": {
        "Transform": {
          "Translation": {
            "X": -12.5,
            "Y": -12.5
          },
          "Rotation": 90.0
        },
        "Wires": [],
        "ReferencePointDistance": 3.0,
        "Id": "cs",
        "Title": "CS-123"
      },
      "Mowers": [
        {
          "Name": "P2Z",
          "Model": "P2Z",
          "IpAddressAndPort": "127.0.0.1:4251",
          "Transform": {
            "Translation": {
              "X": 0.0,
              "Y": 0.0
            },
            "Rotation": 0.0
          }
        }
      ],
      "Obstacles": [
        {
          "$type": "GardenEditorModels.Models.Obstacles.ObstacleBox, GardenEditorModels",
          "Type": 1,
          "Size": {
            "Width": 0.2,
            "Height": 0.5,
            "Depth": 3.0
          },
          "Transform": {
            "Translation": {
              "X": 10.1,
              "Y": 4.0
            },
            "Rotation": 0.0
          }
        },
        {
          "$type": "GardenEditorModels.Models.Obstacles.ObstacleCylinder, GardenEditorModels",
          "Type": 0,
          "Size": {
            "Width": 1.0,
            "Height": 1.0,
            "Depth": 1.0
          },
          "Transform": {
            "Translation": {
              "X": 1.48,
              "Y": 4.48
            },
            "Rotation": 0.0
          }
        },
        {
          "$type": "GardenEditorModels.Models.Obstacles.ObstacleCylinder, GardenEditorModels",
          "Type": 0,
          "Size": {
            "Width": 1.0,
            "Height": 1.0,
            "Depth": 1.0
          },
          "Transform": {
            "Translation": {
              "X": 5.0,
              "Y": 20.0
            },
            "Rotation": 0.0
          }
        }
      ],
      "Areas": [
        {
          "Type": 0,
          "PositionsAlongBoundary": [
            {
              "X": -1.0,
              "Y": 3.66711959E-08
            },
            {
              "X": 10.0,
              "Y": 0.0
            },
            {
              "X": 10.000001,
              "Y": 7.99999952
            },
            {
              "X": 5.0,
              "Y": 8.0
            },
            {
              "X": 5.000001,
              "Y": 14.9990005
            },
            {
              "X": 10.0,
              "Y": 14.999999
            },
            {
              "X": 9.999002,
              "Y": 25.0
            },
            {
              "X": -1.0010004,
              "Y": 25.0
            }
        ],

          "Id": "random",
          "Title": "Random"
        },
        {
          "Type": 0,
          "PositionsAlongBoundary": [
            {
              "X": -1.0010004,
              "Y": 25.0
            },
            {
              "X": -6.43299866,
              "Y": 25.0000019
            },
            {
              "X": -7.37099743,
              "Y": 24.945
            },
            {
              "X": -8.147999,
              "Y": 24.711
            },
            {
              "X": -8.864999,
              "Y": 24.4090023
            },
            {
              "X": -9.449998,
              "Y": 24.01
            },
            {
              "X": -9.959998,
              "Y": 23.5740032
            },
            {
              "X": -10.4049988,
              "Y": 23.05
            },
            {
              "X": -10.8289995,
              "Y": 22.458
            },
            {
              "X": -11.1619987,
              "Y": 21.7560024
            },
            {
              "X": -11.369998,
              "Y": 20.924
            },
            {
              "X": -11.502,
              "Y": 20.019001
            },
            {
              "X": -11.5,
              "Y": 4.21718767E-07
            },
            {
              "X": -1.0,
              "Y": 3.66711959E-08
            }
          ],
          "Id": "systematic",
          "Title": "Systematic"
        },
        {
          "Type": 1,
          "PositionsAlongBoundary": [
            {
              "X": 5.850001,
              "Y": 20.0
            },
            {
              "X": 5.785,
              "Y": 19.674
            },
            {
              "X": 5.601001,
              "Y": 19.3979969
            },
            {
              "X": 5.32500172,
              "Y": 19.214
            },
            {
              "X": 4.99999952,
              "Y": 19.149
            },
            {
              "X": 4.674,
              "Y": 19.214
            },
            {
              "X": 4.39800072,
              "Y": 19.3979988
            },
            {
              "X": 4.21399975,
              "Y": 19.6740017
            },
            {
              "X": 4.14899969,
              "Y": 20.0
            },
            {
              "X": 4.21400166,
              "Y": 20.3249989
            },
            {
              "X": 4.39799929,
              "Y": 20.601
            },
            {
              "X": 4.673999,
              "Y": 20.785
            },
            {
              "X": 4.99999952,
              "Y": 20.85
            },
            {
              "X": 5.325001,
              "Y": 20.785
            },
            {
              "X": 5.601,
              "Y": 20.601
            },
            {
              "X": 5.784999,
              "Y": 20.325
            }
          ],
          "Id": "island",
          "Title": "Island"
        }
      ],
      "Paths": [
        {
          "PositionsInPath": [
            {
              "X": 5.50067938E-08,
              "Y": 3.0
            },
            {
              "X": -6.32100058,
              "Y": 3.939999
            },
            {
              "X": -6.479999,
              "Y": 6.901
            }
          ],
          "Width": 3.0,
          "Title": "",
          "Id": "systematicHome",
          "PolygonPoints": [
            {
              "X": -6.54164,
              "Y": 2.456315
            },
            {
              "X": -6.825859,
              "Y": 2.52751279
            },
            {
              "X": -7.090815,
              "Y": 2.65260434
            },
            {
              "X": -7.326399,
              "Y": 2.826817
            },
            {
              "X": -7.523621,
              "Y": 3.04350352
            },
            {
              "X": -7.674957,
              "Y": 3.2943964
            },
            {
              "X": -7.7746315,
              "Y": 3.56992221
            },
            {
              "X": -7.818843,
              "Y": 3.8595686
            },
            {
              "X": -7.97784138,
              "Y": 6.82056952
            },
            {
              "X": -7.96475172,
              "Y": 7.11432934
            },
            {
              "X": -7.894604,
              "Y": 7.39989138
            },
            {
              "X": -7.770094,
              "Y": 7.666281
            },
            {
              "X": -7.59600639,
              "Y": 7.903261
            },
            {
              "X": -7.379031,
              "Y": 8.101726
            },
            {
              "X": -7.12750626,
              "Y": 8.254046
            },
            {
              "X": -6.85109854,
              "Y": 8.35437
            },
            {
              "X": -6.56042957,
              "Y": 8.398842
            },
            {
              "X": -6.26666975,
              "Y": 8.385753
            },
            {
              "X": -5.98110771,
              "Y": 8.315605
            },
            {
              "X": -5.714718,
              "Y": 8.191095
            },
            {
              "X": -5.477738,
              "Y": 8.017007
            },
            {
              "X": -5.27927351,
              "Y": 7.800032
            },
            {
              "X": -5.12695265,
              "Y": 7.548507
            },
            {
              "X": -5.026629,
              "Y": 7.27209949
            },
            {
              "X": -4.98215675,
              "Y": 6.98143053
            },
            {
              "X": -4.88883543,
              "Y": 5.24351645
            },
            {
              "X": 0.220639437,
              "Y": 4.483684
            },
            {
              "X": 0.5058523,
              "Y": 4.412131
            },
            {
              "X": 0.7716256,
              "Y": 4.28631
            },
            {
              "X": 1.00774562,
              "Y": 4.11105728
            },
            {
              "X": 1.20513868,
              "Y": 3.89310741
            },
            {
              "X": 1.35621893,
              "Y": 3.64083576
            },
            {
              "X": 1.45518041,
              "Y": 3.36393714
            },
            {
              "X": 1.49822009,
              "Y": 3.07305264
            },
            {
              "X": 1.48368406,
              "Y": 2.77936053
            },
            {
              "X": 1.412131,
              "Y": 2.49414778
            },
            {
              "X": 1.28631032,
              "Y": 2.22837448
            },
            {
              "X": 1.11105752,
              "Y": 1.99225438
            },
            {
              "X": 0.8931075,
              "Y": 1.79486132
            },
            {
              "X": 0.6408358,
              "Y": 1.64378119
            },
            {
              "X": 0.36393714,
              "Y": 1.54481971
            },
            {
              "X": 0.07305259,
              "Y": 1.50177991
            },
            {
              "X": -0.220639318,
              "Y": 1.51631594
            },
            {
              "X": -6.54164,
              "Y": 2.456315
            }
          ]
        }
      ]
    }
  ]
}