{
    "name":"EGMF SiteBundle",
    "sequence":[
        {
            "file": "SiteBundle.py",
            "methods": [ 
                "uploadSiteMap(\"GardenTV.svg\")",
                "deleteAllMissions()",
                "createMission(missionName= \"Random-P2Z\", missionType = \"IMISSIONS_TYPE_RANDOM\",mowingArea = \"random\")",
                "createMission(missionName= \"Systematic-P2Z\", missionType = \"IMISSIONS_TYPE_SYSTEMATIC\",mowingArea = \"systematic\", orientation = 0,   orientationShift = 450)"
            ]
        },
        {
            "file": "TestScript.py",
            "methods": [ 
                "startTrigger"
            ]
        }
    ]    
}